{"results": {"hellaswag": {"acc": 0.4545907189802828, "acc_stderr": 0.004969160917379684, 
             "acc_norm": 0.5933081059549891, "acc_norm_stderr": 0.004902125388002483}}, 
             "versions": {"hellaswag": 0}, "config": {"model": "tiny-llama-1.1b", "batch_size": 1, "device": "cuda:0", "num_fewshot": 0, 
             "limit": null, "bootstrap_iters": 100000, "no_cache": true}}